queue_bytes,burst_bytes,tgr_mbit,strategy,cwnd,throughput_mib_s,empirical_max_loss_rate
6250,5840,250,reno,6.18,25.11,0.2
6250,5840,250,empirical,5.0,28.11,0.2
6250,5840,250,bdp_plus_queue,11.0,26.13,0.2
6250,5840,250,bdp,8.0,27.59,0.2
6250,5840,500,reno,8.79,36.15,0.2
6250,5840,500,empirical,7.0,50.31,0.2
6250,5840,500,bdp_plus_queue,20.0,42.56,0.2
6250,5840,500,bdp,17.0,44.22,0.2
6250,5840,750,reno,8.8,50.31,0.2
6250,5840,750,empirical,9.0,71.73,0.2
6250,5840,750,bdp_plus_queue,28.0,50.08,0.2
6250,5840,750,bdp,25.0,50.19,0.2
6250,5840,1000,reno,8.75,51.26,0.2
6250,5840,1000,empirical,9.0,65.31,0.2
6250,5840,1000,bdp_plus_queue,37.0,49.86,0.2
6250,5840,1000,bdp,34.0,51.18,0.2
6250,12500,250,reno,6.25,26.18,0.2
6250,12500,250,empirical,5.0,28.26,0.2
6250,12500,250,bdp_plus_queue,11.0,28.26,0.2
6250,12500,250,bdp,8.0,28.21,0.2
6250,12500,500,reno,9.93,15.63,0.2
6250,12500,500,empirical,7.0,56.22,0.2
6250,12500,500,bdp_plus_queue,20.0,16.86,0.2
6250,12500,500,bdp,17.0,18.41,0.2
6250,12500,750,reno,10.17,10.47,0.2
6250,12500,750,empirical,9.0,79.46,0.2
6250,12500,750,bdp_plus_queue,28.0,12.73,0.2
6250,12500,750,bdp,25.0,11.56,0.2
6250,12500,1000,reno,10.14,13.64,0.2
6250,12500,1000,empirical,9.0,61.57,0.2
6250,12500,1000,bdp_plus_queue,37.0,15.4,0.2
6250,12500,1000,bdp,34.0,11.51,0.2
6250,25000,250,reno,6.33,25.43,0.2
6250,25000,250,empirical,5.0,28.24,0.2
6250,25000,250,bdp_plus_queue,11.0,26.04,0.2
6250,25000,250,bdp,8.0,28.08,0.2
6250,25000,500,reno,9.72,14.23,0.2
6250,25000,500,empirical,7.0,50.01,0.2
6250,25000,500,bdp_plus_queue,20.0,13.25,0.2
6250,25000,500,bdp,17.0,10.89,0.2
6250,25000,750,reno,10.17,12.46,0.2
6250,25000,750,empirical,9.0,78.14,0.2
6250,25000,750,bdp_plus_queue,28.0,12.72,0.2
6250,25000,750,bdp,25.0,15.35,0.2
6250,25000,1000,reno,10.18,16.76,0.2
6250,25000,1000,empirical,9.0,79.53,0.2
6250,25000,1000,bdp_plus_queue,37.0,15.95,0.2
6250,25000,1000,bdp,34.0,12.96,0.2
6250,50000,250,reno,6.09,25.55,0.2
6250,50000,250,empirical,5.0,28.19,0.2
6250,50000,250,bdp_plus_queue,11.0,26.16,0.2
6250,50000,250,bdp,8.0,28.3,0.2
6250,50000,500,reno,9.79,17.63,0.2
6250,50000,500,empirical,7.0,56.2,0.2
6250,50000,500,bdp_plus_queue,20.0,14.34,0.2
6250,50000,500,bdp,17.0,12.74,0.2
6250,50000,750,reno,10.17,17.07,0.2
6250,50000,750,empirical,9.0,79.33,0.2
6250,50000,750,bdp_plus_queue,28.0,12.07,0.2
6250,50000,750,bdp,25.0,12.09,0.2
6250,50000,1000,reno,10.19,13.71,0.2
6250,50000,1000,empirical,9.0,80.09,0.2
6250,50000,1000,bdp_plus_queue,37.0,12.06,0.2
6250,50000,1000,bdp,34.0,12.71,0.2
6250,100000,250,reno,6.14,21.98,0.2
6250,100000,250,empirical,5.0,28.2,0.2
6250,100000,250,bdp_plus_queue,11.0,25.09,0.2
6250,100000,250,bdp,8.0,28.4,0.2
6250,100000,500,reno,9.77,12.37,0.2
6250,100000,500,empirical,8.0,55.15,0.2
6250,100000,500,bdp_plus_queue,20.0,14.02,0.2
6250,100000,500,bdp,17.0,20.73,0.2
6250,100000,750,reno,10.18,12.65,0.2
6250,100000,750,empirical,9.0,79.39,0.2
6250,100000,750,bdp_plus_queue,28.0,11.5,0.2
6250,100000,750,bdp,25.0,12.04,0.2
6250,100000,1000,reno,10.16,12.22,0.2
6250,100000,1000,empirical,9.0,76.12,0.2
6250,100000,1000,bdp_plus_queue,37.0,13.87,0.2
6250,100000,1000,bdp,34.0,13.38,0.2
12500,5840,250,reno,9.28,28.0,0.2
12500,5840,250,empirical,8.0,28.25,0.2
12500,5840,250,bdp_plus_queue,16.0,28.15,0.2
12500,5840,250,bdp,8.0,28.29,0.2
12500,5840,500,reno,10.58,51.62,0.2
12500,5840,500,empirical,10.0,56.4,0.2
12500,5840,500,bdp_plus_queue,24.0,49.53,0.2
12500,5840,500,bdp,17.0,52.59,0.2
12500,5840,750,reno,12.87,63.19,0.2
12500,5840,750,empirical,12.0,82.87,0.2
12500,5840,750,bdp_plus_queue,33.0,71.1,0.2
12500,5840,750,bdp,25.0,71.44,0.2
12500,5840,1000,reno,15.24,89.31,0.2
12500,5840,1000,empirical,15.0,99.88,0.2
12500,5840,1000,bdp_plus_queue,41.0,89.15,0.2
12500,5840,1000,bdp,34.0,86.88,0.2
12500,12500,250,reno,10.05,28.25,0.2
12500,12500,250,empirical,8.0,27.92,0.2
12500,12500,250,bdp_plus_queue,16.0,28.23,0.2
12500,12500,250,bdp,8.0,28.28,0.2
12500,12500,500,reno,12.85,55.39,0.2
12500,12500,500,empirical,9.0,56.33,0.2
12500,12500,500,bdp_plus_queue,24.0,55.44,0.2
12500,12500,500,bdp,17.0,55.84,0.2
12500,12500,750,reno,16.38,79.28,0.2
12500,12500,750,empirical,11.0,83.38,0.2
12500,12500,750,bdp_plus_queue,33.0,71.83,0.2
12500,12500,750,bdp,25.0,78.98,0.2
12500,12500,1000,reno,16.41,92.18,0.2
12500,12500,1000,empirical,17.0,108.32,0.2
12500,12500,1000,bdp_plus_queue,41.0,92.54,0.2
12500,12500,1000,bdp,34.0,91.56,0.2
12500,25000,250,reno,9.84,28.38,0.2
12500,25000,250,empirical,8.0,28.25,0.2
12500,25000,250,bdp_plus_queue,16.0,28.18,0.2
12500,25000,250,bdp,8.0,28.26,0.2
12500,25000,500,reno,11.58,55.68,0.2
12500,25000,500,empirical,9.0,56.47,0.2
12500,25000,500,bdp_plus_queue,24.0,55.74,0.2
12500,25000,500,bdp,17.0,56.44,0.2
12500,25000,750,reno,16.76,52.01,0.2
12500,25000,750,empirical,13.0,83.82,0.2
12500,25000,750,bdp_plus_queue,33.0,52.69,0.2
12500,25000,750,bdp,25.0,60.27,0.2
12500,25000,1000,reno,19.21,42.43,0.2
12500,25000,1000,empirical,17.0,106.74,0.2
12500,25000,1000,bdp_plus_queue,41.0,47.72,0.2
12500,25000,1000,bdp,34.0,47.44,0.2
12500,50000,250,reno,9.89,28.35,0.2
12500,50000,250,empirical,8.0,28.34,0.2
12500,50000,250,bdp_plus_queue,16.0,28.32,0.2
12500,50000,250,bdp,8.0,28.34,0.2
12500,50000,500,reno,11.39,55.37,0.2
12500,50000,500,empirical,9.0,56.76,0.2
12500,50000,500,bdp_plus_queue,24.0,55.77,0.2
12500,50000,500,bdp,17.0,56.76,0.2
12500,50000,750,reno,16.74,60.91,0.2
12500,50000,750,empirical,13.0,84.77,0.2
12500,50000,750,bdp_plus_queue,33.0,42.45,0.2
12500,50000,750,bdp,25.0,64.18,0.2
12500,50000,1000,reno,19.24,54.52,0.2
12500,50000,1000,empirical,17.0,106.95,0.2
12500,50000,1000,bdp_plus_queue,41.0,51.67,0.2
12500,50000,1000,bdp,34.0,48.42,0.2
12500,100000,250,reno,9.88,28.4,0.2
12500,100000,250,empirical,8.0,28.41,0.2
12500,100000,250,bdp_plus_queue,16.0,28.35,0.2
12500,100000,250,bdp,8.0,28.4,0.2
12500,100000,500,reno,11.21,50.72,0.2
12500,100000,500,empirical,9.0,56.81,0.2
12500,100000,500,bdp_plus_queue,24.0,47.75,0.2
12500,100000,500,bdp,17.0,56.76,0.2
12500,100000,750,reno,16.69,63.05,0.2
12500,100000,750,empirical,13.0,84.31,0.2
12500,100000,750,bdp_plus_queue,33.0,51.51,0.2
12500,100000,750,bdp,25.0,60.98,0.2
12500,100000,1000,reno,19.33,57.8,0.2
12500,100000,1000,empirical,17.0,107.62,0.2
12500,100000,1000,bdp_plus_queue,41.0,57.5,0.2
12500,100000,1000,bdp,34.0,51.3,0.2
25000,5840,250,reno,15.85,28.16,0.05
25000,5840,250,empirical,15.0,28.32,0.05
25000,5840,250,bdp_plus_queue,24.0,28.28,0.05
25000,5840,250,bdp,8.0,28.33,0.05
25000,5840,500,reno,16.94,56.23,0.05
25000,5840,500,empirical,16.0,56.62,0.05
25000,5840,500,bdp_plus_queue,33.0,56.42,0.05
25000,5840,500,bdp,17.0,56.49,0.05
25000,5840,750,reno,18.76,81.54,0.05
25000,5840,750,empirical,18.0,82.65,0.05
25000,5840,750,bdp_plus_queue,41.0,81.47,0.05
25000,5840,750,bdp,25.0,81.44,0.05
25000,5840,1000,reno,24.53,104.03,0.05
25000,5840,1000,empirical,22.0,107.33,0.05
25000,5840,1000,bdp_plus_queue,50.0,83.8,0.05
25000,5840,1000,bdp,34.0,78.67,0.05
25000,12500,250,reno,17.5,28.41,0.05
25000,12500,250,empirical,16.0,28.37,0.05
25000,12500,250,bdp_plus_queue,24.0,28.37,0.05
25000,12500,250,bdp,8.0,28.28,0.05
25000,12500,500,reno,18.48,55.88,0.05
25000,12500,500,empirical,16.0,56.71,0.05
25000,12500,500,bdp_plus_queue,33.0,53.8,0.05
25000,12500,500,bdp,17.0,56.48,0.05
25000,12500,750,reno,19.52,82.34,0.05
25000,12500,750,empirical,17.0,84.45,0.05
25000,12500,750,bdp_plus_queue,41.0,75.17,0.05
25000,12500,750,bdp,25.0,82.33,0.05
25000,12500,1000,reno,27.25,86.78,0.05
25000,12500,1000,empirical,25.0,90.44,0.05
25000,12500,1000,bdp_plus_queue,50.0,107.21,0.05
25000,12500,1000,bdp,34.0,108.42,0.05
25000,25000,250,reno,18.26,28.34,0.05
25000,25000,250,empirical,16.0,28.43,0.05
25000,25000,250,bdp_plus_queue,24.0,28.34,0.05
25000,25000,250,bdp,8.0,28.35,0.05
25000,25000,500,reno,19.64,56.63,0.05
25000,25000,500,empirical,16.0,56.72,0.05
25000,25000,500,bdp_plus_queue,33.0,56.51,0.05
25000,25000,500,bdp,17.0,56.62,0.05
25000,25000,750,reno,21.89,84.76,0.05
25000,25000,750,empirical,18.0,84.99,0.05
25000,25000,750,bdp_plus_queue,41.0,80.23,0.05
25000,25000,750,bdp,25.0,81.27,0.05
25000,25000,1000,reno,34.82,108.95,0.05
25000,25000,1000,empirical,33.0,104.69,0.05
25000,25000,1000,bdp_plus_queue,50.0,109.46,0.05
25000,25000,1000,bdp,34.0,109.53,0.05
25000,50000,250,reno,18.26,28.45,0.05
25000,50000,250,empirical,16.0,28.46,0.05
25000,50000,250,bdp_plus_queue,24.0,28.45,0.05
25000,50000,250,bdp,8.0,28.38,0.05
25000,50000,500,reno,19.41,56.51,0.05
25000,50000,500,empirical,16.0,56.09,0.05
25000,50000,500,bdp_plus_queue,33.0,56.65,0.05
25000,50000,500,bdp,17.0,56.47,0.05
25000,50000,750,reno,22.05,85.22,0.05
25000,50000,750,empirical,18.0,85.07,0.05
25000,50000,750,bdp_plus_queue,41.0,84.59,0.05
25000,50000,750,bdp,25.0,84.58,0.05
25000,50000,1000,reno,40.58,101.08,0.05
25000,50000,1000,empirical,33.0,100.89,0.05
25000,50000,1000,bdp_plus_queue,50.0,80.41,0.05
25000,50000,1000,bdp,34.0,86.34,0.05
25000,100000,250,reno,18.24,28.46,0.05
25000,100000,250,empirical,16.0,28.46,0.05
25000,100000,250,bdp_plus_queue,24.0,28.46,0.05
25000,100000,250,bdp,8.0,28.41,0.05
25000,100000,500,reno,19.81,56.48,0.05
25000,100000,500,empirical,16.0,56.66,0.05
25000,100000,500,bdp_plus_queue,33.0,56.83,0.05
25000,100000,500,bdp,17.0,56.85,0.05
25000,100000,750,reno,22.65,79.6,0.05
25000,100000,750,empirical,18.0,84.95,0.05
25000,100000,750,bdp_plus_queue,41.0,80.54,0.05
25000,100000,750,bdp,25.0,85.22,0.05
25000,100000,1000,reno,40.59,95.32,0.05
25000,100000,1000,empirical,33.0,107.41,0.05
25000,100000,1000,bdp_plus_queue,50.0,88.37,0.05
25000,100000,1000,bdp,34.0,81.06,0.05
50000,5840,250,reno,36.36,28.39,0.05
50000,5840,250,empirical,36.0,28.36,0.05
50000,5840,250,bdp_plus_queue,41.0,28.25,0.05
50000,5840,250,bdp,8.0,28.21,0.05
50000,5840,500,reno,31.68,56.75,0.05
50000,5840,500,empirical,31.0,56.71,0.05
50000,5840,500,bdp_plus_queue,50.0,56.76,0.05
50000,5840,500,bdp,17.0,56.5,0.05
50000,5840,750,reno,32.87,84.14,0.05
50000,5840,750,empirical,32.0,84.54,0.05
50000,5840,750,bdp_plus_queue,58.0,84.49,0.05
50000,5840,750,bdp,25.0,84.83,0.05
50000,5840,1000,reno,46.44,108.94,0.05
50000,5840,1000,empirical,41.0,108.72,0.05
50000,5840,1000,bdp_plus_queue,67.0,109.34,0.05
50000,5840,1000,bdp,34.0,109.65,0.05
50000,12500,250,reno,35.87,28.42,0.05
50000,12500,250,empirical,35.0,28.38,0.05
50000,12500,250,bdp_plus_queue,41.0,28.41,0.05
50000,12500,250,bdp,8.0,28.31,0.05
50000,12500,500,reno,31.34,56.72,0.05
50000,12500,500,empirical,31.0,56.8,0.05
50000,12500,500,bdp_plus_queue,50.0,55.93,0.05
50000,12500,500,bdp,17.0,56.45,0.05
50000,12500,750,reno,32.44,84.43,0.05
50000,12500,750,empirical,32.0,85.03,0.05
50000,12500,750,bdp_plus_queue,58.0,84.82,0.05
50000,12500,750,bdp,25.0,85.13,0.05
50000,12500,1000,reno,50.66,110.1,0.05
50000,12500,1000,empirical,49.0,111.12,0.05
50000,12500,1000,bdp_plus_queue,67.0,110.03,0.05
50000,12500,1000,bdp,34.0,110.18,0.05
50000,25000,250,reno,34.47,28.45,0.05
50000,25000,250,empirical,33.0,28.46,0.05
50000,25000,250,bdp_plus_queue,41.0,28.42,0.05
50000,25000,250,bdp,8.0,28.39,0.05
50000,25000,500,reno,35.55,56.58,0.05
50000,25000,500,empirical,33.0,56.73,0.05
50000,25000,500,bdp_plus_queue,50.0,56.8,0.05
50000,25000,500,bdp,17.0,56.61,0.05
50000,25000,750,reno,40.04,85.05,0.05
50000,25000,750,empirical,35.0,84.54,0.05
50000,25000,750,bdp_plus_queue,58.0,85.09,0.05
50000,25000,750,bdp,25.0,84.95,0.05
50000,25000,1000,reno,54.46,110.91,0.05
50000,25000,1000,empirical,53.0,111.52,0.05
50000,25000,1000,bdp_plus_queue,67.0,111.17,0.05
50000,25000,1000,bdp,34.0,110.68,0.05
50000,50000,250,reno,35.49,28.45,0.05
50000,50000,250,empirical,33.0,28.47,0.05
50000,50000,250,bdp_plus_queue,41.0,28.47,0.05
50000,50000,250,bdp,8.0,28.43,0.05
50000,50000,500,reno,37.37,56.87,0.05
50000,50000,500,empirical,33.0,56.73,0.05
50000,50000,500,bdp_plus_queue,50.0,56.32,0.05
50000,50000,500,bdp,17.0,52.76,0.05
50000,50000,750,reno,41.11,83.24,0.05
50000,50000,750,empirical,36.0,83.81,0.05
50000,50000,750,bdp_plus_queue,58.0,84.96,0.05
50000,50000,750,bdp,25.0,84.78,0.05
50000,50000,1000,reno,58.0,110.88,0.05
50000,50000,1000,empirical,58.0,111.28,0.05
50000,50000,1000,bdp_plus_queue,67.0,111.89,0.05
50000,50000,1000,bdp,34.0,109.65,0.05
50000,100000,250,reno,35.46,28.48,0.05
50000,100000,250,empirical,32.0,28.5,0.05
50000,100000,250,bdp_plus_queue,41.0,28.49,0.05
50000,100000,250,bdp,8.0,28.44,0.05
50000,100000,500,reno,37.29,56.83,0.05
50000,100000,500,empirical,33.0,56.89,0.05
50000,100000,500,bdp_plus_queue,50.0,56.88,0.05
50000,100000,500,bdp,17.0,56.75,0.05
50000,100000,750,reno,45.1,85.25,0.05
50000,100000,750,empirical,35.0,85.11,0.05
50000,100000,750,bdp_plus_queue,58.0,85.24,0.05
50000,100000,750,bdp,25.0,85.13,0.05
50000,100000,1000,reno,72.22,108.57,0.05
50000,100000,1000,empirical,69.0,109.31,0.05
50000,100000,1000,bdp_plus_queue,67.0,112.01,0.05
50000,100000,1000,bdp,34.0,101.95,0.05
100000,5840,250,reno,74.0,28.47,0.05
100000,5840,250,empirical,74.0,28.21,0.05
100000,5840,250,bdp_plus_queue,76.0,28.1,0.05
100000,5840,250,bdp,8.0,28.0,0.05
100000,5840,500,reno,64.62,51.1,0.05
100000,5840,500,empirical,64.0,56.7,0.05
100000,5840,500,bdp_plus_queue,84.0,56.91,0.05
100000,5840,500,bdp,17.0,56.33,0.05
100000,5840,750,reno,62.68,77.19,0.05
100000,5840,750,empirical,62.0,84.93,0.05
100000,5840,750,bdp_plus_queue,93.0,84.69,0.05
100000,5840,750,bdp,25.0,84.83,0.05
100000,5840,1000,reno,68.26,83.46,0.05
100000,5840,1000,empirical,68.0,111.23,0.05
100000,5840,1000,bdp_plus_queue,101.0,109.78,0.05
100000,5840,1000,bdp,34.0,108.59,0.05
100000,12500,250,reno,58.36,28.36,0.05
100000,12500,250,empirical,58.0,28.41,0.05
100000,12500,250,bdp_plus_queue,76.0,28.44,0.05
100000,12500,250,bdp,8.0,28.32,0.05
100000,12500,500,reno,58.72,56.92,0.05
100000,12500,500,empirical,58.0,56.92,0.05
100000,12500,500,bdp_plus_queue,84.0,56.63,0.05
100000,12500,500,bdp,17.0,56.57,0.05
100000,12500,750,reno,59.39,85.04,0.05
100000,12500,750,empirical,59.0,85.36,0.05
100000,12500,750,bdp_plus_queue,93.0,85.32,0.05
100000,12500,750,bdp,25.0,85.01,0.05
100000,12500,1000,reno,87.51,110.75,0.05
100000,12500,1000,empirical,87.0,111.38,0.05
100000,12500,1000,bdp_plus_queue,101.0,110.94,0.05
100000,12500,1000,bdp,34.0,108.86,0.05
100000,25000,250,reno,58.0,28.44,0.05
100000,25000,250,empirical,58.0,28.44,0.05
100000,25000,250,bdp_plus_queue,76.0,28.45,0.05
100000,25000,250,bdp,8.0,28.24,0.05
100000,25000,500,reno,57.07,56.57,0.05
100000,25000,500,empirical,57.0,56.9,0.05
100000,25000,500,bdp_plus_queue,84.0,56.06,0.05
100000,25000,500,bdp,17.0,56.63,0.05
100000,25000,750,reno,61.74,85.18,0.05
100000,25000,750,empirical,61.0,85.25,0.05
100000,25000,750,bdp_plus_queue,93.0,84.78,0.05
100000,25000,750,bdp,25.0,84.56,0.05
100000,25000,1000,reno,97.89,111.92,0.05
100000,25000,1000,empirical,97.0,112.09,0.05
100000,25000,1000,bdp_plus_queue,101.0,110.98,0.05
100000,25000,1000,bdp,34.0,111.17,0.05
100000,50000,250,reno,66.9,28.49,0.05
100000,50000,250,empirical,65.0,28.48,0.05
100000,50000,250,bdp_plus_queue,76.0,28.48,0.05
100000,50000,250,bdp,8.0,28.38,0.05
100000,50000,500,reno,66.81,56.62,0.05
100000,50000,500,empirical,66.0,56.93,0.05
100000,50000,500,bdp_plus_queue,84.0,56.79,0.05
100000,50000,500,bdp,17.0,56.65,0.05
100000,50000,750,reno,67.43,84.66,0.05
100000,50000,750,empirical,66.0,84.87,0.05
100000,50000,750,bdp_plus_queue,93.0,85.1,0.05
100000,50000,750,bdp,25.0,85.14,0.05
100000,50000,1000,reno,115.12,111.3,0.05
100000,50000,1000,empirical,115.0,112.0,0.05
100000,50000,1000,bdp_plus_queue,101.0,111.8,0.05
100000,50000,1000,bdp,34.0,111.43,0.05
100000,100000,250,reno,66.93,28.48,0.05
100000,100000,250,empirical,65.0,28.48,0.05
100000,100000,250,bdp_plus_queue,76.0,28.48,0.05
100000,100000,250,bdp,8.0,28.47,0.05
100000,100000,500,reno,67.09,56.72,0.05
100000,100000,500,empirical,66.0,56.66,0.05
100000,100000,500,bdp_plus_queue,84.0,56.87,0.05
100000,100000,500,bdp,17.0,56.6,0.05
100000,100000,750,reno,68.56,85.35,0.05
100000,100000,750,empirical,66.0,84.51,0.05
100000,100000,750,bdp_plus_queue,93.0,84.74,0.05
100000,100000,750,bdp,25.0,85.06,0.05
100000,100000,1000,reno,133.43,110.87,0.05
100000,100000,1000,empirical,133.0,111.13,0.05
100000,100000,1000,bdp_plus_queue,101.0,111.87,0.05
100000,100000,1000,bdp,34.0,101.04,0.05
